group,baseline_r2,r2_drop_mean,r2_drop_std
MQT block,0.7657987862707817,0.3692945449989698,0.07956646117264107
ours block,0.7657987862707817,0.6960456491910325,0.13861308460962857
