model,cv,r2,mse
MQT only,shuffled,0.831163651917401,0.009803172672387072
MQT only,leave-1-algo-out,-0.20543182765088033,0.0524225610767074
MQT + ours,shuffled,0.8890525855333891,0.006503509214123224
MQT + ours,leave-1-algo-out,-0.7192792175988801,0.05995574940842922
