label,cv,mean_r2,std_r2,ci_lo,ci_hi
predict_corpus_mean,shuffled,-0.05829227377209336,0.04858803755176494,-0.0989984712516427,-0.002647720973905843
predict_corpus_mean,leave-1-algo-out,-2.7029590113526702,3.765870831444662,-6.469834732371899,-0.4293507320229996
predict_from_num_qubits_only,shuffled,0.13798596813412364,0.10013289186939137,0.052399491110386213,0.20773911130288347
predict_from_num_qubits_only,leave-1-algo-out,-2.860881305273112,5.189607100206531,-7.965613038096971,0.05991773104636848
predict_from_num_qubits_plus_num_2q_gates,shuffled,0.5675060140687935,0.19372556920976358,0.3953817788341026,0.7583836185942214
predict_from_num_qubits_plus_num_2q_gates,leave-1-algo-out,-1.6913200521577434,2.075765291058843,-3.075677888555136,-0.12081651747299134
